,Uniform,RM,CFR+
Uniform,0.0,0.0,0.0
RM,0.0,0.0,-7.807114647069829e-05
CFR+,0.0,7.80711464706985e-05,0.0
