{"0": [0.7922453071465073, 0.2077546928534927], "1p": [0.9996227272727273, 0.00037727272727268213], "0pb": [0.9999684441172771, 3.15558827227945e-05], "1b": [0.6607153696327364, 0.3392846303672637], "2p": [4.9999999999994026e-05, 0.99995], "2b": [4.9999999999994026e-05, 0.99995], "1": [0.9996541666666667, 0.0003458333333332921], "0p": [0.6654552724681917, 0.33454472753180836], "1pb": [0.4492128250135111, 0.5507871749864888], "0b": [0.99995, 4.9999999999994026e-05], "2": [0.3874071644185256, 0.6125928355814744], "2pb": [6.453158923254476e-05, 0.9999354684107675]}