{"1": [0.9971806333544446, 0.0028193666455554526], "0p": [0.6419806243635927, 0.35801937563640734], "2": [0.07120112702296434, 0.9287988729770357], "1b": [0.6607578792365281, 0.3392421207634719], "2b": [6.187842545727639e-05, 0.9999381215745428], "0b": [0.9998308305268354, 0.0001691694731645789], "1p": [0.9998871441242029, 0.00011285587579713603], "0": [0.713141307293053, 0.2868586927069469], "2p": [0.00015384925874679822, 0.9998461507412532], "0pb": [0.9993832689265062, 0.0006167310734938549], "2pb": [0.0012625368848687894, 0.9987374631151312], "1pb": [0.35200811142211635, 0.6479918885778836]}