{"0": [0.7774041508838221, 0.22259584911617783], "1p": [0.999999900009999, 9.999000099990001e-08], "0pb": [1.0, 0.0], "1b": [0.6666134296563864, 0.3333865703436136], "2p": [2.999700029997e-08, 0.9999999700029997], "2b": [9.999000099990002e-09, 0.9999999900009999], "1": [0.9999998420924352, 1.5790756485338376e-07], "0p": [0.6666714508614784, 0.3333285491385216], "1pb": [0.44402462927883596, 0.5559753707211641], "0b": [0.9999999900009999, 9.999000099990002e-09], "2": [0.3322010691730612, 0.6677989308269388], "2pb": [0.0, 1.0]}