{"1": [0.9993875388146399, 0.0006124611853599935], "0p": [0.6644571967488456, 0.3355428032511545], "0b": [0.9999102065249925, 8.97934750074828e-05], "2": [0.7008122561177074, 0.2991877438822928], "1b": [0.6603062158135491, 0.339693784186451], "1p": [0.9998176624323831, 0.000182337567616848], "2pb": [0.0, 1.0], "0": [0.9011477295765289, 0.09885227042347113], "2p": [0.0, 1.0], "0pb": [0.9999666355264913, 3.3364473508608036e-05], "2b": [8.906305664410402e-05, 0.9999109369433559], "1pb": [0.5692876982405881, 0.43071230175941183]}